Workbook

Sheet ENTRY
A1: No. | B1: Nomor Register Surat Masuk | C1: Perihal | D1: Tanggal Surat | E1: Pihak Pengadu | F1: Pihak Teradu | G1: Tipologi PP | H1: Tipologi PB | I1: Tipologi MP/B | J1: Tipologi BB | K1: Tipologi MM | L1: Pokok Masalah | M1: Status HAT | N1: Letak Objek | O1: Luas Objek | P1: Pihak Berkontribusi | Q1: Tindak Lanjut/Penyelesaian | R1: Tanggal Penyelesaian | S1: Kriteria Penyelesaian
A2: 1 | B2: 01/MAMASA/I/2024 | C2: Pencegahan Penerbitan Sertipikat | D2: 25 Januari 2024 | E2: Lusiana, Dkk. | F2: Nurhayati dan Ajis Muis | G2: Penguasaan dan Pemilikan Tanah | L2: Dengan adanya pengajuan sertipikat Atas Nama Nurhayati dan Ajis Muis yang terletak di Ulumea, Desa Salukonta agar tidak menerbitkan sertipikat. Karena tanah tersebut tanah adat/warisan yang tidak diperjualbelikan atau dipindahtangankan | M2: Tanah Negara | N2: Desa Salukonta, Kecamatan Tawalian, Kabupaten Mamasa, Provinsi Sulawesi Barat | O2: 1731 M² | Q2: Kaukus dan Surat Balasan
A3: 2 | B3: 02/MAMASA/III/2024 | C3: Pencegahan/Keberatan | D3: 03 Maret 2024 | E3: Arruan Lempan | F3: Selfanus Idrus | G3: Penguasaan dan Pemilikan Tanah | L3: Dengan adanya permohonan penerbitan Surat Hak Milik (Sertipikat) atas tanah yang terletak di Kampung Salurano, Kec. Tandukkalua atas nama Selfanus Idrus | M3: Tanah Negara | N3: Desa Salurano, Kecamatan Tanduk Kalua, Kabupaten Mamasa, Provinsi Sulawesi Barat | Q3: Tahapan Penanganan Permen ATR No. 21 Tahun 2020
A4: 3 | B4: 03/MAMASA/III/2024 | C4: Pencegahan/Keberatan | D4: 18 Maret 2024 | E4: Samuel Sude dan Arnice | F4: Demmanggaya Manggetan | G4: Penguasaan dan Pemilikan Tanah | L4: Pendaftaran bidang tanah/sertipikat Atas Nama Arnice pada bulan februari 2024 yang mendapat pencegahan/keberatan dari Demmanggaya Manggetan dengan dalih/alasan bahwa tanah/lahan hak milik yang bersangkutan | M4: Tanah Negara | N4: To'Barana, Desa Parondobulawan, Kecamatan Tandukkalua, Kabupaten Mamasa, Provinsi Sulawesi Barat. | Q4: Penyelesaian oleh Kepala Desa
A5: 4 | B5: 04/MAMASA/IV/2024 | C5: Pencegahan Proses Pensertipikatan | D5: 23 April 2024 | E5: Selfanus Idrus Goalangi | F5: Ponggalunggu & Langi'Kampun | G5: Penguasaan dan Pemilikan Tanah | L5: Penangguhan penerbitan atas nama Ponggalunggu ataupun Langi'Kampun | M5: Tanah Negara | N5: Mekalia, Desa Salurano, Kecamatan Tandukkalua, Kabupaten Mamasa, Provinsi Sulawesi Barat. | Q5: Tahapan Penanganan Permen ATR No. 21 Tahun 2020
A6: 5 | B6: 05/MAMASA/IV/2024 | C6: Keberatan | D6: 29 April 2024 | E6: Nasrullah | F6: Najamuddin | G6: Penguasaan dan Pemilikan Tanah | L6: Keberatan atas terbitnya sertipikat tanah dengan nomor : 31.01.16.07.01.08181 atas nama Najamuddin | M6: SHM | N6: Desa Saluahok, Kecamatan Mehalaan, Kabupaten Mamasa, Provinsi Sulawesi Barat. | P6: Aparat Desa
A7: 6 | B7: 06/MAMASA/V/2024 | C7: Pencegahan Proses Pensertipikatan | D7: 21 Mei 2024 | E7: Deppasulle Arruan Linggi | F7: Daen Malewa & Deppasulle alias Sulle | G7: Penguasaan dan Pemilikan Tanah | L7: Pencegahan agar tidak melayani pengukuran tanah atau penerbitan sertipikat tanah oleh pihak manapun, terkhusus Sdr. Daen Malewa & Sdr. Deppasulle alias Sulle | M7: Tanah Negara | N7: Desa Kanan, Kecamatan Tandukkalua, Kabupaten Mamasa, Provinsi Sulawesi Barat. | O7: ± 2 Ha
A8: 7 | B8: 07/MAMASA/V/2024 | C8: Pencegahan Proses Pensertipikatan | D8: 30 Mei 2024 | E8: Paonganan | F8: Petrus, Limbong Gayang | G8: Penguasaan dan Pemilikan Tanah | L8: Sehubung dilaksanakan pengukuran tanah atas nama Petrus oleh tim BPN Mamasa, maka kami keberatan pengukuran dan pembatalan sertipikat hak milik atas nama Petrus | M8: Tanah Negara | N8: Dusun Kumbang, Desa Taupe, Kecamatan Mamasa, Kabupaten Mamasa, Provinsi Sulawesi Barat.
A9: 8 | B9: 07/MAMASA/V/2024 | C9: Penundaan Pengukuran Lahan | D9: 23 Juni 2024 | E9: Bongga Malillin, Dkk | F9: Pattakarua, Marlina, Daud, Harlis Pranata, Abner, Rosdawati & Natalia | G9: Penguasaan dan Pemilikan Tanah | L9: Penundaan Pengukuran Lahan An Pattakarua, Marlina, Daud, Harlis Pranata, Abner, Rosdawati, Natalia dengan alasan tanah tersebut seharusnya di bagi dua berdasarkan silsilah keluarga, yaitu Rumpun Keluarga ARRUAN BANGA dan LIMBO SILOMBA | M9: Tanah Negara | N9: Dusun Rantesepang Desa Malabo Kecamatan Tandukkalua Kabupaten Mamasa
A10: 9 | B10: 08/MAMASA/VII/2024 | C10: Pencegahan Pengukuran Ulang Tanah | D10: 01 Juli 2024 | E10: Levinus | F10: Dominggus | G10: Penguasaan dan Pemilikan Tanah | L10: Pencegahan/Keberatan pengukuran ulang tanah yang ada di Desa Rantekamase Kec.Sumarorong dari Bpk Dominggus, karena tanah tersebut milik Bpk Levinus | M10: SHM | N10: Desa Rantekamase Kecamatan Sumarorong Kabupaten Mamasa Provinsi Sulawesi Barat | O10: ±2911 M²
A11: 10 | B11: 09/MAMASA/VII/2024 | C11: Pencegahan Penerbitan Sertipikat | D11: 02 Juli 2024 | E11: Deppabala | F11: Arruan Paillin | G11: Penguasaan dan Pemilikan Tanah | L11: Pencegahan Pengukuran dan Penerbitan Sertipikat Tanah di Dusun Orong Desa Malabo, Kec.Tandukkalua, karena tanah(sawah) tersebut merupakan jaminan utang piutang antara Deppabala dan Arruan Paillin | M11: Tanah Negara | N11: Dusun Orang Desa Malabo Kecamatan Tandukkalua Kabupaten Mamasa Provinsi Sulawesi Barat

Sheet TAHUN 2024
A1: DATA PENGADUAN KANTOR PERTANAHAN KABUPATEN MAMASA
A2: TAHUN ANGGARAN 2024
A4: No. | B4: Nomor Register Surat Masuk | C4: Nomor dan Tanggal Surat | D4: Para Pihak | F4: Data Objek | I4: Pokok Masalah | K4: TL
F5: Status | G5: Luas | H5: Letak
A6: 1 | B6: =ENTRY!B2 -> 01/MAMASA/I/2024 | C6: =ENTRY!D2 -> 25 Januari 2024 | D6: Pengadu : | E6: =ENTRY!E2 -> Lusiana, Dkk. | F6: =ENTRY!M2 -> Tanah Negara | G6: =ENTRY!O2 -> 1731 M² | H6: =ENTRY!N2 -> Desa Salukonta, Kecamatan Tawalian, Kabupaten Mamasa, Provinsi Sulawesi Barat | I6: =ENTRY!L2 -> Dengan adanya pengajuan sertipikat Atas Nama Nurhayati dan Ajis Muis yang terletak di Ulumea, Desa Salukonta agar tidak menerbitkan sertipikat. Karena tanah tersebut tanah adat/warisan yang tidak diperjualbelikan atau dipindahtangankan | J6: Sanggahan terhadap tanah yang telah disertipikatkan oleh oknum dan telah dijual ke Pemerintah Kabupaten Mamasa tanpa sepengetahuan Pengadu | K6: =ENTRY!Q2 -> Kaukus dan Surat Balasan
D7: Teradu : | E7: =ENTRY!F2 -> Nurhayati dan Ajis Muis
A8: 2 | B8: =ENTRY!B3 -> 02/MAMASA/III/2024 | C8: =ENTRY!D3 -> 03 Maret 2024 | D8: Pengadu : | E8: =ENTRY!E3 -> Arruan Lempan | F8: =ENTRY!M3 -> Tanah Negara | G8: =ENTRY!O3 -> 0 | H8: =ENTRY!N3 -> Desa Salurano, Kecamatan Tanduk Kalua, Kabupaten Mamasa, Provinsi Sulawesi Barat | I8: =ENTRY!L3 -> Dengan adanya permohonan penerbitan Surat Hak Milik (Sertipikat) atas tanah yang terletak di Kampung Salurano, Kec. Tandukkalua atas nama Selfanus Idrus | J8: Sanggahan terhadap penerbitan sertipikat tanah (sawah) atas nama MARI karena melakukan pengukuran tanah tanpa sepengetahuan Ahli Waris Asri.P (MUSDALIFA). | K8: =ENTRY!Q3 -> Tahapan Penanganan Permen ATR No. 21 Tahun 2020
D9: Teradu : | E9: =ENTRY!F3 -> Selfanus Idrus
A10: 3 | B10: =ENTRY!B4 -> 03/MAMASA/III/2024 | C10: =ENTRY!D4 -> 18 Maret 2024 | D10: Pengadu : | E10: =ENTRY!E4 -> Samuel Sude dan Arnice | F10: =ENTRY!M4 -> Tanah Negara | G10: =ENTRY!O4 -> 0 | H10: =ENTRY!N4 -> To'Barana, Desa Parondobulawan, Kecamatan Tandukkalua, Kabupaten Mamasa, Provinsi Sulawesi Barat. | I10: =ENTRY!L4 -> Pendaftaran bidang tanah/sertipikat Atas Nama Arnice pada bulan februari 2024 yang mendapat pencegahan/keberatan dari Demmanggaya Manggetan dengan dalih/alasan bahwa tanah/lahan hak milik yang bersangkutan | J10: Penangguhan proses penerbitan sertipikat yang dimohonkan oleh SELFANUS IDRUS GOALANGI. | K10: =ENTRY!Q4 -> Penyelesaian oleh Kepala Desa
D11: Teradu : | E11: =ENTRY!F4 -> Demmanggaya Manggetan
A12: 4 | B12: =ENTRY!B5 -> 04/MAMASA/IV/2024 | C12: =ENTRY!D5 -> 23 April 2024 | D12: Pengadu : | E12: =ENTRY!E5 -> Selfanus Idrus Goalangi | F12: =ENTRY!M5 -> Tanah Negara | G12: =ENTRY!O5 -> 0 | H12: =ENTRY!N5 -> Mekalia, Desa Salurano, Kecamatan Tandukkalua, Kabupaten Mamasa, Provinsi Sulawesi Barat. | I12: =ENTRY!L5 -> Penangguhan penerbitan atas nama Ponggalunggu ataupun Langi'Kampun | J12: Sanggahan atas permohonan pemberian hak milik atas tanah yang terletak di Luppi'Sepi', Desa Tamalantik, Kecamatan Tanduk Kalua oleh SELFANUS IDRUS GOALANGI. | K12: =ENTRY!Q5 -> Tahapan Penanganan Permen ATR No. 21 Tahun 2020
D13: Teradu : | E13: =ENTRY!F5 -> Ponggalunggu & Langi'Kampun
A14: 5 | B14: =ENTRY!B6 -> 05/MAMASA/IV/2024 | C14: =ENTRY!D6 -> 29 April 2024 | D14: Pengadu : | E14: =ENTRY!E6 -> Nasrullah | F14: =ENTRY!M6 -> SHM | G14: =ENTRY!O6 -> 0 | H14: =ENTRY!N6 -> Desa Saluahok, Kecamatan Mehalaan, Kabupaten Mamasa, Provinsi Sulawesi Barat. | I14: =ENTRY!L6 -> Keberatan atas terbitnya sertipikat tanah dengan nomor : 31.01.16.07.01.08181 atas nama Najamuddin | J14: Pengajuan surat perihal Sanggahan dari ALLOKAIYANG tanggal 27 Maret 2023 yang diterima oleh Kantor Pertanahan Mamasa tanggal 03 April 2023 atas Penerbitan Sertipikat Hak Milik Nomor:00402/Tawalian/2010 atas nama ROBERTH di Dusun Palambasan, Kelurahan Tawalian, Kecamatan Tawalian, Kabupaten Mamasa, Provinsi Sulawesi Barat. | K14: =ENTRY!Q6 -> 0
D15: Teradu : | E15: =ENTRY!F6 -> Najamuddin
A16: 6 | B16: =ENTRY!B7 -> 06/MAMASA/V/2024 | C16: =ENTRY!D7 -> 21 Mei 2024 | D16: Pengadu : | E16: =ENTRY!E7 -> Deppasulle Arruan Linggi | F16: =ENTRY!M7 -> Tanah Negara | G16: =ENTRY!O7 -> ± 2 Ha | H16: =ENTRY!N7 -> Desa Kanan, Kecamatan Tandukkalua, Kabupaten Mamasa, Provinsi Sulawesi Barat. | I16: =ENTRY!L7 -> Pencegahan agar tidak melayani pengukuran tanah atau penerbitan sertipikat tanah oleh pihak manapun, terkhusus Sdr. Daen Malewa & Sdr. Deppasulle alias Sulle | J16: Pencegahan penerbitan sertipikat. | K16: =ENTRY!Q7 -> 0
D17: Teradu : | E17: =ENTRY!F7 -> Daen Malewa & Deppasulle alias Sulle
A18: 7 | B18: =ENTRY!B8 -> 07/MAMASA/V/2024 | C18: =ENTRY!D8 -> 30 Mei 2024 | D18: Pengadu : | E18: =ENTRY!E8 -> Paonganan | F18: =ENTRY!M8 -> Tanah Negara | G18: =ENTRY!O8 -> 0 | H18: =ENTRY!N8 -> Dusun Kumbang, Desa Taupe, Kecamatan Mamasa, Kabupaten Mamasa, Provinsi Sulawesi Barat. | I18: =ENTRY!L8 -> Sehubung dilaksanakan pengukuran tanah atas nama Petrus oleh tim BPN Mamasa, maka kami keberatan pengukuran dan pembatalan sertipikat hak milik atas nama Petrus | K18: =ENTRY!Q8 -> 0
D19: Teradu : | E19: =ENTRY!F8 -> Petrus, Limbong Gayang
A20: 8 | B20: =ENTRY!B9 -> 07/MAMASA/V/2024 | C20: =ENTRY!D9 -> 23 Juni 2024 | D20: Pengadu : | E20: =ENTRY!E9 -> Bongga Malillin, Dkk | F20: =ENTRY!M9 -> Tanah Negara | G20: =ENTRY!O9 -> 0 | H20: =ENTRY!N9 -> Dusun Rantesepang Desa Malabo Kecamatan Tandukkalua Kabupaten Mamasa | I20: =ENTRY!L9 -> Penundaan Pengukuran Lahan An Pattakarua, Marlina, Daud, Harlis Pranata, Abner, Rosdawati, Natalia dengan alasan tanah tersebut seharusnya di bagi dua berdasarkan silsilah keluarga, yaitu Rumpun Keluarga ARRUAN BANGA dan LIMBO SILOMBA | K20: =ENTRY!Q9 -> 0
D21: Teradu : | E21: =ENTRY!F9 -> Pattakarua, Marlina, Daud, Harlis Pranata, Abner, Rosdawati & Natalia
A22: 9 | B22: =ENTRY!B10 -> 08/MAMASA/VII/2024 | C22: =ENTRY!D10 -> 01 Juli 2024 | D22: Pengadu : | E22: =ENTRY!E10 -> Levinus | F22: =ENTRY!M10 -> SHM | G22: =ENTRY!O10 -> ±2911 M² | H22: =ENTRY!N10 -> Desa Rantekamase Kecamatan Sumarorong Kabupaten Mamasa Provinsi Sulawesi Barat | I22: =ENTRY!L10 -> Pencegahan/Keberatan pengukuran ulang tanah yang ada di Desa Rantekamase Kec.Sumarorong dari Bpk Dominggus, karena tanah tersebut milik Bpk Levinus | K22: =ENTRY!Q10 -> 0
D23: Teradu : | E23: =ENTRY!F10 -> Dominggus
A24: 10 | B24: =ENTRY!B11 -> 09/MAMASA/VII/2024 | C24: =ENTRY!D11 -> 02 Juli 2024 | D24: Pengadu : | E24: =ENTRY!E11 -> Deppabala | F24: =ENTRY!M11 -> Tanah Negara | G24: =ENTRY!O11 -> 0 | H24: =ENTRY!N11 -> Dusun Orang Desa Malabo Kecamatan Tandukkalua Kabupaten Mamasa Provinsi Sulawesi Barat | I24: =ENTRY!L11 -> Pencegahan Pengukuran dan Penerbitan Sertipikat Tanah di Dusun Orong Desa Malabo, Kec.Tandukkalua, karena tanah(sawah) tersebut merupakan jaminan utang piutang antara Deppabala dan Arruan Paillin | K24: =ENTRY!Q11 -> 0
D25: Teradu : | E25: =ENTRY!F11 -> Arruan Paillin
A26: 11 | B26: =ENTRY!B12 -> 0 | C26: =ENTRY!D12 -> 0 | D26: Pengadu : | E26: =ENTRY!E12 -> 0 | F26: =ENTRY!M12 -> 0 | G26: =ENTRY!O12 -> 0 | H26: =ENTRY!N12 -> 0 | I26: =ENTRY!L12 -> 0 | K26: =ENTRY!Q12 -> 0
D27: Teradu : | E27: =ENTRY!F12 -> 0
A28: 12 | B28: =ENTRY!B13 -> 0 | C28: =ENTRY!D13 -> 0 | D28: Pengadu : | E28: =ENTRY!E13 -> 0 | F28: =ENTRY!M13 -> 0 | G28: =ENTRY!O13 -> 0 | H28: =ENTRY!N13 -> 0 | I28: =ENTRY!L13 -> 0 | K28: =ENTRY!Q13 -> 0
D29: Teradu : | E29: =ENTRY!F13 -> 0
A30: 13 | B30: =ENTRY!B14 -> 0 | C30: =ENTRY!D14 -> 0 | D30: Pengadu : | E30: =ENTRY!E14 -> 0 | F30: =ENTRY!M14 -> 0 | G30: =ENTRY!O14 -> 0 | H30: =ENTRY!N14 -> 0 | I30: =ENTRY!L14 -> 0 | K30: =ENTRY!Q14 -> 0
D31: Teradu : | E31: =ENTRY!F14 -> 0
A32: 14 | B32: =ENTRY!B15 -> 0 | C32: =ENTRY!D15 -> 0 | D32: Pengadu : | E32: =ENTRY!E15 -> 0 | F32: =ENTRY!M15 -> 0 | G32: =ENTRY!O15 -> 0 | H32: =ENTRY!N15 -> 0 | I32: =ENTRY!L15 -> 0 | K32: =ENTRY!Q15 -> 0
D33: Teradu : | E33: =ENTRY!F15 -> 0
A34: 15 | B34: =ENTRY!B16 -> 0 | C34: =ENTRY!D16 -> 0 | D34: Pengadu : | E34: =ENTRY!E16 -> 0 | F34: =ENTRY!M16 -> 0 | G34: =ENTRY!O16 -> 0 | H34: =ENTRY!N16 -> 0 | I34: =ENTRY!L16 -> 0 | K34: =ENTRY!Q16 -> 0
D35: Teradu : | E35: =ENTRY!F16 -> 0

Sheet Data Kasus Pertanahan 2024
A1: DATA KASUS PERTANAHAN
A2: KANTOR PERTANAHAN KABUPATEN MAMASA
A3: TAHUN 2024
A5: No | B5: Para Pihak | D5: Objek Kasus | E5: Luas Tanah M2 | F5: Penggunaan Tanah | G5: Pokok Masalah | H5: Tipologi Kasus | I5: Akar Masalah | J5: Pihak yang Berkontribusi Menimbulkan Kasus | K5: Bentuk Penyelesaian | L5: Kriteria Penyelesaian | M5: Usulan Kebijakan/Strategi Pencegahan kasus
A7: 1 | B7: Pengadu : | C7: ='TAHUN 2024'!E6 -> Lusiana, Dkk. | D7: ='TAHUN 2024'!H6 -> Desa Salukonta, Kecamatan Tawalian, Kabupaten Mamasa, Provinsi Sulawesi Barat | E7: ='TAHUN 2024'!G6 -> 1731 M² | G7: ='TAHUN 2024'!I6 -> Dengan adanya pengajuan sertipikat Atas Nama Nurhayati dan Ajis Muis yang terletak di Ulumea, Desa Salukonta agar tidak menerbitkan sertipikat. Karena tanah tersebut tanah adat/warisan yang tidak diperjualbelikan atau dipindahtangankan | I7: Penangguhan atas permohonan pembuatan sertipikat A.N Nurhayati & Ajis Muis | J7: =ENTRY!P2 -> 0 | K7: =ENTRY!Q2 -> Kaukus dan Surat Balasan | L7: =ENTRY!S2 -> 0
B8: Teradu : | C8: ='TAHUN 2024'!E7 -> Nurhayati dan Ajis Muis
A9: 2 | B9: Pengadu : | C9: ='TAHUN 2024'!E8 -> Arruan Lempan | D9: ='TAHUN 2024'!H8 -> Desa Salurano, Kecamatan Tanduk Kalua, Kabupaten Mamasa, Provinsi Sulawesi Barat | E9: ='TAHUN 2024'!G8 -> 0 | G9: ='TAHUN 2024'!I8 -> Dengan adanya permohonan penerbitan Surat Hak Milik (Sertipikat) atas tanah yang terletak di Kampung Salurano, Kec. Tandukkalua atas nama Selfanus Idrus | I9: Keberatan atas penerbitan sertipikat oleh Selfanus Idrus | J9: =ENTRY!P3 -> 0 | K9: =ENTRY!Q3 -> Tahapan Penanganan Permen ATR No. 21 Tahun 2020 | L9: =ENTRY!S3 -> 0
B10: Teradu : | C10: ='TAHUN 2024'!E9 -> Selfanus Idrus
A11: 3 | B11: Pengadu : | C11: ='TAHUN 2024'!E10 -> Samuel Sude dan Arnice | D11: ='TAHUN 2024'!H10 -> To'Barana, Desa Parondobulawan, Kecamatan Tandukkalua, Kabupaten Mamasa, Provinsi Sulawesi Barat. | E11: ='TAHUN 2024'!G10 -> 0 | G11: ='TAHUN 2024'!I10 -> Pendaftaran bidang tanah/sertipikat Atas Nama Arnice pada bulan februari 2024 yang mendapat pencegahan/keberatan dari Demmanggaya Manggetan dengan dalih/alasan bahwa tanah/lahan hak milik yang bersangkutan | I11: Adanya keberatan oleh Demmanggaya Manggetan oleh pendaftaran tanah/sertipikat atas nama Samuel Sude/Arnice | J11: =ENTRY!P4 -> 0 | K11: =ENTRY!Q4 -> Penyelesaian oleh Kepala Desa | L11: =ENTRY!S4 -> 0
B12: Teradu : | C12: ='TAHUN 2024'!E11 -> Demmanggaya Manggetan
A13: 4 | B13: Pengadu : | C13: ='TAHUN 2024'!E12 -> Selfanus Idrus Goalangi | D13: ='TAHUN 2024'!H12 -> Mekalia, Desa Salurano, Kecamatan Tandukkalua, Kabupaten Mamasa, Provinsi Sulawesi Barat. | E13: ='TAHUN 2024'!G12 -> 0 | G13: ='TAHUN 2024'!I12 -> Penangguhan penerbitan atas nama Ponggalunggu ataupun Langi'Kampun | I13: Menindaklanjuti sanggahan Indo Arruan Lempan yang menyatak keberatan atas pensertipikatan tanah sawah milik Indo Tasik Karaeng. Padahal sawah itu bukan milik Indo'Arruan Lempan yang telah dijual kepada pihak Ponggalunggu. Apabila tanah milik Indo' Karaeng dihalangi maka kami meminta untuk tidak menerbitkan sertipikat atas nama Ponggalunggu ataupun Langi Kampun | J13: =ENTRY!P5 -> 0 | K13: =ENTRY!Q5 -> Tahapan Penanganan Permen ATR No. 21 Tahun 2020 | L13: =ENTRY!S5 -> 0
B14: Teradu : | C14: ='TAHUN 2024'!E13 -> Ponggalunggu & Langi'Kampun
A15: 5 | B15: Pengadu : | C15: ='TAHUN 2024'!E14 -> Nasrullah | D15: ='TAHUN 2024'!H14 -> Desa Saluahok, Kecamatan Mehalaan, Kabupaten Mamasa, Provinsi Sulawesi Barat. | E15: ='TAHUN 2024'!G14 -> 0 | G15: ='TAHUN 2024'!I14 -> Keberatan atas terbitnya sertipikat tanah dengan nomor : 31.01.16.07.01.08181 atas nama Najamuddin | I15: Keberatan atas pengukuran tanah atas nama Najamuddin yang kemudian menjadi dasar penerbitan sertipikat nomor 31.01.16.07.01.00181 | J15: =ENTRY!P6 -> Aparat Desa | K15: =ENTRY!Q6 -> 0 | L15: =ENTRY!S6 -> 0
B16: Teradu : | C16: ='TAHUN 2024'!E15 -> Najamuddin
A17: 6 | B17: Pengadu : | C17: ='TAHUN 2024'!E16 -> Deppasulle Arruan Linggi | D17: ='TAHUN 2024'!H16 -> Desa Kanan, Kecamatan Tandukkalua, Kabupaten Mamasa, Provinsi Sulawesi Barat. | E17: ='TAHUN 2024'!G16 -> ± 2 Ha | G17: ='TAHUN 2024'!I16 -> Pencegahan agar tidak melayani pengukuran tanah atau penerbitan sertipikat tanah oleh pihak manapun, terkhusus Sdr. Daen Malewa & Sdr. Deppasulle alias Sulle | I17: Pencegahan agar tidak melayani pengukuran tanah atau penerbitan sertipikat tanah oleh pihak manapun, terkhusus Sdr. Daen Malewa & Sdr. Deppasulle alias Sulle | J17: =ENTRY!P7 -> 0 | K17: =ENTRY!Q7 -> 0 | L17: =ENTRY!S7 -> 0
B18: Teradu : | C18: ='TAHUN 2024'!E17 -> Daen Malewa & Deppasulle alias Sulle
A19: 7 | B19: Pengadu : | C19: ='TAHUN 2024'!E18 -> Paonganan | D19: ='TAHUN 2024'!H18 -> Dusun Kumbang, Desa Taupe, Kecamatan Mamasa, Kabupaten Mamasa, Provinsi Sulawesi Barat. | E19: ='TAHUN 2024'!G18 -> 0 | G19: ='TAHUN 2024'!I18 -> Sehubung dilaksanakan pengukuran tanah atas nama Petrus oleh tim BPN Mamasa, maka kami keberatan pengukuran dan pembatalan sertipikat hak milik atas nama Petrus | I19: Keberatan atas pengukuran tanah atas nama Petrus oleh tim BPN Mamasa, serta pencegahan penerbitan sertpikat hak milik atas nama Petrus | J19: =ENTRY!P8 -> 0 | K19: =ENTRY!Q8 -> 0 | L19: =ENTRY!S8 -> 0
B20: Teradu : | C20: ='TAHUN 2024'!E19 -> Petrus, Limbong Gayang
A21: 8 | B21: Pengadu : | C21: ='TAHUN 2024'!E20 -> Bongga Malillin, Dkk | D21: ='TAHUN 2024'!H20 -> Dusun Rantesepang Desa Malabo Kecamatan Tandukkalua Kabupaten Mamasa | E21: ='TAHUN 2024'!G20 -> 0 | G21: ='TAHUN 2024'!I20 -> Penundaan Pengukuran Lahan An Pattakarua, Marlina, Daud, Harlis Pranata, Abner, Rosdawati, Natalia dengan alasan tanah tersebut seharusnya di bagi dua berdasarkan silsilah keluarga, yaitu Rumpun Keluarga ARRUAN BANGA dan LIMBO SILOMBA | J21: =ENTRY!P9 -> 0 | K21: =ENTRY!Q9 -> 0 | L21: =ENTRY!S9 -> 0
B22: Teradu : | C22: ='TAHUN 2024'!E21 -> Pattakarua, Marlina, Daud, Harlis Pranata, Abner, Rosdawati & Natalia
A23: 9 | B23: Pengadu : | C23: ='TAHUN 2024'!E22 -> Levinus | D23: ='TAHUN 2024'!H22 -> Desa Rantekamase Kecamatan Sumarorong Kabupaten Mamasa Provinsi Sulawesi Barat | E23: ='TAHUN 2024'!G22 -> ±2911 M² | G23: ='TAHUN 2024'!I22 -> Pencegahan/Keberatan pengukuran ulang tanah yang ada di Desa Rantekamase Kec.Sumarorong dari Bpk Dominggus, karena tanah tersebut milik Bpk Levinus | J23: =ENTRY!P10 -> 0 | K23: =ENTRY!Q10 -> 0 | L23: =ENTRY!S10 -> 0
B24: Teradu : | C24: ='TAHUN 2024'!E23 -> Dominggus
A25: 10 | B25: Pengadu : | C25: ='TAHUN 2024'!E24 -> Deppabala | D25: ='TAHUN 2024'!H24 -> Dusun Orang Desa Malabo Kecamatan Tandukkalua Kabupaten Mamasa Provinsi Sulawesi Barat | E25: ='TAHUN 2024'!G24 -> 0 | G25: ='TAHUN 2024'!I24 -> Pencegahan Pengukuran dan Penerbitan Sertipikat Tanah di Dusun Orong Desa Malabo, Kec.Tandukkalua, karena tanah(sawah) tersebut merupakan jaminan utang piutang antara Deppabala dan Arruan Paillin | J25: =ENTRY!P11 -> 0 | K25: =ENTRY!Q11 -> 0 | L25: =ENTRY!S11 -> 0
B26: Teradu : | C26: ='TAHUN 2024'!E25 -> Arruan Paillin
A27: 11 | B27: Pengadu : | C27: ='TAHUN 2024'!E26 -> 0 | D27: ='TAHUN 2024'!H26 -> 0 | E27: ='TAHUN 2024'!G26 -> 0 | G27: ='TAHUN 2024'!I26 -> 0 | J27: =ENTRY!P12 -> 0 | K27: =ENTRY!Q12 -> 0 | L27: =ENTRY!S12 -> 0
B28: Teradu : | C28: ='TAHUN 2024'!E27 -> 0
A29: 12 | B29: Pengadu : | C29: ='TAHUN 2024'!E28 -> 0 | D29: ='TAHUN 2024'!H28 -> 0 | E29: ='TAHUN 2024'!G28 -> 0 | G29: ='TAHUN 2024'!I28 -> 0 | J29: =ENTRY!P13 -> 0 | K29: =ENTRY!Q13 -> 0 | L29: =ENTRY!S13 -> 0
B30: Teradu : | C30: ='TAHUN 2024'!E29 -> 0
A31: 13 | B31: Pengadu : | C31: ='TAHUN 2024'!E30 -> 0 | D31: ='TAHUN 2024'!H30 -> 0 | E31: ='TAHUN 2024'!G30 -> 0 | G31: ='TAHUN 2024'!I30 -> 0 | J31: =ENTRY!P14 -> 0 | K31: =ENTRY!Q14 -> 0 | L31: =ENTRY!S14 -> 0
B32: Teradu : | C32: ='TAHUN 2024'!E31 -> 0
A33: 14 | B33: Pengadu : | C33: ='TAHUN 2024'!E32 -> 0 | D33: ='TAHUN 2024'!H32 -> 0 | E33: ='TAHUN 2024'!G32 -> 0 | G33: ='TAHUN 2024'!I32 -> 0 | J33: =ENTRY!P15 -> 0 | K33: =ENTRY!Q15 -> 0 | L33: =ENTRY!S15 -> 0
B34: Teradu : | C34: ='TAHUN 2024'!E33 -> 0
A35: 15 | B35: Pengadu : | C35: ='TAHUN 2024'!E34 -> 0 | D35: ='TAHUN 2024'!H34 -> 0 | E35: ='TAHUN 2024'!G34 -> 0 | G35: ='TAHUN 2024'!I34 -> 0 | J35: =ENTRY!P16 -> 0 | K35: =ENTRY!Q16 -> 0 | L35: =ENTRY!S16 -> 0
B36: Teradu : | C36: ='TAHUN 2024'!E35 -> 0

Sheet Resume Pemetaan
A1: RESUME PEMETAAN POTENSI KASUS PERTANAHAN
A2: KANTOR PERTANAHAN KABUPATEN MAMASA
A3: TAHUN 2024
A5: NO. | B5: TIPOLOGI KASUS | C5: SUBJEK KASUS | E5: AKAR MASALAH | F5: PIHAK YANG BERKONTRIBUSI MENIMBULKAN KASUS | G5: PENYELESAIAN KASUS | H5: USULAN STRATEGI/KEBIJAKAN PENCEGAHAN KASUS
A6: 1 | B6: ='Data Kasus Pertanahan 2024'!H7 -> 0 | C6: ='Data Kasus Pertanahan 2024'!B7 -> Pengadu : | D6: ='Data Kasus Pertanahan 2024'!C7 -> Lusiana, Dkk. | E6: ='Data Kasus Pertanahan 2024'!I7 -> Penangguhan atas permohonan pembuatan sertipikat A.N Nurhayati & Ajis Muis | F6: =ENTRY!P2 -> 0 | G6: ='Data Kasus Pertanahan 2024'!K7 -> Kaukus dan Surat Balasan
C7: ='Data Kasus Pertanahan 2024'!B8 -> Teradu : | D7: ='Data Kasus Pertanahan 2024'!C8 -> Nurhayati dan Ajis Muis
A8: 2 | B8: ='Data Kasus Pertanahan 2024'!H9 -> 0 | C8: ='Data Kasus Pertanahan 2024'!B9 -> Pengadu : | D8: ='Data Kasus Pertanahan 2024'!C9 -> Arruan Lempan | E8: ='Data Kasus Pertanahan 2024'!I9 -> Keberatan atas penerbitan sertipikat oleh Selfanus Idrus | F8: =ENTRY!P3 -> 0 | G8: ='Data Kasus Pertanahan 2024'!K9 -> Tahapan Penanganan Permen ATR No. 21 Tahun 2020
C9: ='Data Kasus Pertanahan 2024'!B10 -> Teradu : | D9: ='Data Kasus Pertanahan 2024'!C10 -> Selfanus Idrus
A10: 3 | B10: ='Data Kasus Pertanahan 2024'!H11 -> 0 | C10: ='Data Kasus Pertanahan 2024'!B11 -> Pengadu : | D10: ='Data Kasus Pertanahan 2024'!C11 -> Samuel Sude dan Arnice | E10: ='Data Kasus Pertanahan 2024'!I11 -> Adanya keberatan oleh Demmanggaya Manggetan oleh pendaftaran tanah/sertipikat atas nama Samuel Sude/Arnice | F10: =ENTRY!P4 -> 0 | G10: ='Data Kasus Pertanahan 2024'!K11 -> Penyelesaian oleh Kepala Desa
C11: ='Data Kasus Pertanahan 2024'!B12 -> Teradu : | D11: ='Data Kasus Pertanahan 2024'!C12 -> Demmanggaya Manggetan
A12: 4 | B12: ='Data Kasus Pertanahan 2024'!H13 -> 0 | C12: ='Data Kasus Pertanahan 2024'!B13 -> Pengadu : | D12: ='Data Kasus Pertanahan 2024'!C13 -> Selfanus Idrus Goalangi | E12: ='Data Kasus Pertanahan 2024'!I13 -> Menindaklanjuti sanggahan Indo Arruan Lempan yang menyatak keberatan atas pensertipikatan tanah sawah milik Indo Tasik Karaeng. Padahal sawah itu bukan milik Indo'Arruan Lempan yang telah dijual kepada pihak Ponggalunggu. Apabila tanah milik Indo' Karaeng dihalangi maka kami meminta untuk tidak menerbitkan sertipikat atas nama Ponggalunggu ataupun Langi Kampun | F12: =ENTRY!P5 -> 0 | G12: ='Data Kasus Pertanahan 2024'!K13 -> Tahapan Penanganan Permen ATR No. 21 Tahun 2020
C13: ='Data Kasus Pertanahan 2024'!B14 -> Teradu : | D13: ='Data Kasus Pertanahan 2024'!C14 -> Ponggalunggu & Langi'Kampun
A14: 5 | B14: ='Data Kasus Pertanahan 2024'!H14 -> 0 | C14: ='Data Kasus Pertanahan 2024'!B15 -> Pengadu : | D14: ='Data Kasus Pertanahan 2024'!C15 -> Nasrullah | E14: ='Data Kasus Pertanahan 2024'!I15 -> Keberatan atas pengukuran tanah atas nama Najamuddin yang kemudian menjadi dasar penerbitan sertipikat nomor 31.01.16.07.01.00181 | F14: =ENTRY!P6 -> Aparat Desa | G14: ='Data Kasus Pertanahan 2024'!K14 -> 0
C15: ='Data Kasus Pertanahan 2024'!B16 -> Teradu : | D15: ='Data Kasus Pertanahan 2024'!C16 -> Najamuddin
A16: 6 | B16: ='Data Kasus Pertanahan 2024'!H16 -> 0 | C16: ='Data Kasus Pertanahan 2024'!B17 -> Pengadu : | D16: ='Data Kasus Pertanahan 2024'!C17 -> Deppasulle Arruan Linggi | E16: ='Data Kasus Pertanahan 2024'!I17 -> Pencegahan agar tidak melayani pengukuran tanah atau penerbitan sertipikat tanah oleh pihak manapun, terkhusus Sdr. Daen Malewa & Sdr. Deppasulle alias Sulle | F16: =ENTRY!P7 -> 0 | G16: ='Data Kasus Pertanahan 2024'!K16 -> 0
C17: ='Data Kasus Pertanahan 2024'!B18 -> Teradu : | D17: ='Data Kasus Pertanahan 2024'!C18 -> Daen Malewa & Deppasulle alias Sulle
A18: 7 | B18: ='Data Kasus Pertanahan 2024'!H17 -> 0 | C18: ='Data Kasus Pertanahan 2024'!B19 -> Pengadu : | D18: ='Data Kasus Pertanahan 2024'!C19 -> Paonganan | E18: ='Data Kasus Pertanahan 2024'!I19 -> Keberatan atas pengukuran tanah atas nama Petrus oleh tim BPN Mamasa, serta pencegahan penerbitan sertpikat hak milik atas nama Petrus | F18: =ENTRY!P8 -> 0 | G18: ='Data Kasus Pertanahan 2024'!K17 -> 0
C19: ='Data Kasus Pertanahan 2024'!B20 -> Teradu : | D19: ='Data Kasus Pertanahan 2024'!C20 -> Petrus, Limbong Gayang
A20: 8 | B20: ='Data Kasus Pertanahan 2024'!H19 -> 0 | C20: ='Data Kasus Pertanahan 2024'!B21 -> Pengadu : | D20: ='Data Kasus Pertanahan 2024'!C21 -> Bongga Malillin, Dkk | E20: ='Data Kasus Pertanahan 2024'!I21 -> 0 | F20: =ENTRY!P9 -> 0 | G20: ='Data Kasus Pertanahan 2024'!K19 -> 0
C21: ='Data Kasus Pertanahan 2024'!B22 -> Teradu : | D21: ='Data Kasus Pertanahan 2024'!C22 -> Pattakarua, Marlina, Daud, Harlis Pranata, Abner, Rosdawati & Natalia
A22: 9 | B22: ='Data Kasus Pertanahan 2024'!H20 -> 0 | C22: ='Data Kasus Pertanahan 2024'!B23 -> Pengadu : | D22: ='Data Kasus Pertanahan 2024'!C23 -> Levinus | E22: ='Data Kasus Pertanahan 2024'!I23 -> 0 | F22: =ENTRY!P10 -> 0 | G22: ='Data Kasus Pertanahan 2024'!K20 -> 0
C23: ='Data Kasus Pertanahan 2024'!B24 -> Teradu : | D23: ='Data Kasus Pertanahan 2024'!C24 -> Dominggus
A24: 10 | B24: ='Data Kasus Pertanahan 2024'!H23 -> 0 | C24: ='Data Kasus Pertanahan 2024'!B25 -> Pengadu : | D24: ='Data Kasus Pertanahan 2024'!C25 -> Deppabala | E24: ='Data Kasus Pertanahan 2024'!I25 -> 0 | F24: =ENTRY!P11 -> 0 | G24: ='Data Kasus Pertanahan 2024'!K23 -> 0
C25: ='Data Kasus Pertanahan 2024'!B26 -> Teradu : | D25: ='Data Kasus Pertanahan 2024'!C26 -> Arruan Paillin
A26: 11 | B26: ='Data Kasus Pertanahan 2024'!H23 -> 0 | C26: ='Data Kasus Pertanahan 2024'!B27 -> Pengadu : | D26: ='Data Kasus Pertanahan 2024'!C27 -> 0 | E26: ='Data Kasus Pertanahan 2024'!I27 -> 0 | F26: =ENTRY!P12 -> 0 | G26: ='Data Kasus Pertanahan 2024'!K23 -> 0 | H26: Bahwa sertipikat atas nama ORPA yang masuk dalam lokasi yang dipersengketakan yang penerbitannya setelah masuk surat sanggahan, agar tidak diserahkan sebelum ada penyelesaian baik secara musyawarah ataupun jalur hukum
C27: ='Data Kasus Pertanahan 2024'!B28 -> Teradu : | D27: ='Data Kasus Pertanahan 2024'!C28 -> 0
A28: 12 | B28: ='Data Kasus Pertanahan 2024'!H25 -> 0 | C28: ='Data Kasus Pertanahan 2024'!B29 -> Pengadu : | D28: ='Data Kasus Pertanahan 2024'!C29 -> 0 | E28: ='Data Kasus Pertanahan 2024'!I29 -> 0 | F28: =ENTRY!P13 -> 0 | G28: ='Data Kasus Pertanahan 2024'!K25 -> 0
C29: ='Data Kasus Pertanahan 2024'!B30 -> Teradu : | D29: ='Data Kasus Pertanahan 2024'!C30 -> 0
A30: 13 | B30: ='Data Kasus Pertanahan 2024'!H26 -> 0 | C30: ='Data Kasus Pertanahan 2024'!B31 -> Pengadu : | D30: ='Data Kasus Pertanahan 2024'!C31 -> 0 | E30: ='Data Kasus Pertanahan 2024'!I31 -> 0 | F30: =ENTRY!P14 -> 0 | G30: ='Data Kasus Pertanahan 2024'!K26 -> 0 | H30: ='Data Kasus Pertanahan 2024'!M26 -> 0
C31: ='Data Kasus Pertanahan 2024'!B32 -> Teradu : | D31: ='Data Kasus Pertanahan 2024'!C32 -> 0
A32: 14 | B32: ='Data Kasus Pertanahan 2024'!H28 -> 0 | C32: ='Data Kasus Pertanahan 2024'!B33 -> Pengadu : | D32: ='Data Kasus Pertanahan 2024'!C33 -> 0 | E32: ='Data Kasus Pertanahan 2024'!I33 -> 0 | F32: =ENTRY!P15 -> 0 | G32: ='Data Kasus Pertanahan 2024'!K28 -> 0
C33: ='Data Kasus Pertanahan 2024'!B34 -> Teradu : | D33: ='Data Kasus Pertanahan 2024'!C34 -> 0
A34: 15 | B34: ='Data Kasus Pertanahan 2024'!H29 -> 0 | C34: ='Data Kasus Pertanahan 2024'!B35 -> Pengadu : | D34: ='Data Kasus Pertanahan 2024'!C35 -> 0 | E34: ='Data Kasus Pertanahan 2024'!I35 -> 0 | F34: =ENTRY!P16 -> 0 | G34: ='Data Kasus Pertanahan 2024'!K29 -> 0 | H34: ='Data Kasus Pertanahan 2024'!M29 -> 0
C35: ='Data Kasus Pertanahan 2024'!B36 -> Teradu : | D35: ='Data Kasus Pertanahan 2024'!C36 -> 0

Sheet TREND KASUS
A1: TREND KASUS PERTANAHAN
A2: KANTOR PERTANAHAN KABUPATEN MAMASA
A3: TAHUN 2024
B5: Subjek Kasus Pertanahan
A6: No | B6: Tipologi Kasus | C6: Perorangan dengan | D6: Perorangan dengan | E6: Masyarakat dengan | F6: Badan Hukum dengan | G6: Antar Kelompok
C7: Perorangan | D7: Badan Hukum | E7: Pemerintah/BUMN | F7: Badan Hukum | G7: Masyarakat
A8: 1 | B8: Prosedur Letak Batas dan Luas | C8: =COUNTIF(ENTRY!G2:G30,'TREND KASUS'!B8) -> 0 | D8: =COUNTIF(ENTRY!H2:H30,'TREND KASUS'!B8) -> 0 | E8: =COUNTIF(ENTRY!I2:I30,'TREND KASUS'!B8) -> 0 | F8: =COUNTIF(ENTRY!J2:J30,'TREND KASUS'!B8) -> 0 | G8: =COUNTIF(ENTRY!K2:K30,'TREND KASUS'!B8) -> 0
A9: 2 | B9: Prosedur Pendaftaran Hak | C9: =COUNTIF(ENTRY!G2:G30,'TREND KASUS'!B9) -> 0 | D9: =COUNTIF(ENTRY!H2:H30,'TREND KASUS'!B9) -> 0 | E9: =COUNTIF(ENTRY!I2:I30,'TREND KASUS'!B9) -> 0 | F9: =COUNTIF(ENTRY!J2:J30,'TREND KASUS'!B9) -> 0 | G9: =COUNTIF(ENTRY!K2:K30,'TREND KASUS'!B9) -> 0
A10: 3 | B10: Prosedur Penetapan Hak | C10: =COUNTIF(ENTRY!G2:G30,'TREND KASUS'!B10) -> 0 | D10: =COUNTIF(ENTRY!H2:H30,'TREND KASUS'!B10) -> 0 | E10: =COUNTIF(ENTRY!I2:I30,'TREND KASUS'!B10) -> 0 | F10: =COUNTIF(ENTRY!J2:J30,'TREND KASUS'!B10) -> 0 | G10: =COUNTIF(ENTRY!K2:K30,'TREND KASUS'!B10) -> 0
A11: 4 | B11: Prosedur Peralihan Hak | C11: =COUNTIF(ENTRY!G2:G30,'TREND KASUS'!B11) -> 0 | D11: =COUNTIF(ENTRY!H2:H30,'TREND KASUS'!B11) -> 0 | E11: =COUNTIF(ENTRY!I2:I30,'TREND KASUS'!B11) -> 0 | F11: =COUNTIF(ENTRY!J2:J30,'TREND KASUS'!B11) -> 0 | G11: =COUNTIF(ENTRY!K2:K30,'TREND KASUS'!B11) -> 0
A12: 5 | B12: Tanah Obyek Landreform | C12: =COUNTIF(ENTRY!G2:G30,'TREND KASUS'!B12) -> 0 | D12: =COUNTIF(ENTRY!H2:H30,'TREND KASUS'!B12) -> 0 | E12: =COUNTIF(ENTRY!I2:I30,'TREND KASUS'!B12) -> 0 | F12: =COUNTIF(ENTRY!J2:J30,'TREND KASUS'!B12) -> 0 | G12: =COUNTIF(ENTRY!K2:K30,'TREND KASUS'!B12) -> 0
A13: 6 | B13: Pengadaan Tanah | C13: =COUNTIF(ENTRY!G2:G30,'TREND KASUS'!B13) -> 0 | D13: =COUNTIF(ENTRY!H2:H30,'TREND KASUS'!B13) -> 0 | E13: =COUNTIF(ENTRY!I2:I30,'TREND KASUS'!B13) -> 0 | F13: =COUNTIF(ENTRY!J2:J30,'TREND KASUS'!B13) -> 0 | G13: =COUNTIF(ENTRY!K2:K30,'TREND KASUS'!B13) -> 0
A14: 7 | B14: Pelaksanaan Putusan Pengadikan | C14: =COUNTIF(ENTRY!G2:G30,'TREND KASUS'!B17) -> 0 | D14: =COUNTIF(ENTRY!H2:H30,'TREND KASUS'!B14) -> 0 | E14: =COUNTIF(ENTRY!I2:I30,'TREND KASUS'!B14) -> 0 | F14: =COUNTIF(ENTRY!J2:J30,'TREND KASUS'!B14) -> 0 | G14: =COUNTIF(ENTRY!K2:K30,'TREND KASUS'!B14) -> 0
A15: 8 | B15: Ganti Rugi Tanah exPartikelir | C15: =COUNTIF(ENTRY!G2:G30,'TREND KASUS'!B15) -> 0 | D15: =COUNTIF(ENTRY!H2:H30,'TREND KASUS'!B15) -> 0 | E15: =COUNTIF(ENTRY!I2:I30,'TREND KASUS'!B15) -> 0 | F15: =COUNTIF(ENTRY!J2:J30,'TREND KASUS'!B15) -> 0 | G15: =COUNTIF(ENTRY!K2:K30,'TREND KASUS'!B15) -> 0
A16: 9 | B16: Tanah Adat | C16: =COUNTIF(ENTRY!G2:G30,'TREND KASUS'!B16) -> 0 | D16: =COUNTIF(ENTRY!H2:H30,'TREND KASUS'!B16) -> 0 | E16: =COUNTIF(ENTRY!I2:I30,'TREND KASUS'!B16) -> 0 | F16: =COUNTIF(ENTRY!J2:J30,'TREND KASUS'!B16) -> 0 | G16: =COUNTIF(ENTRY!K2:K30,'TREND KASUS'!B16) -> 0
A17: 10 | B17: Tanah Ulayat | C17: =COUNTIF(ENTRY!G2:G30,'TREND KASUS'!B17) -> 0 | D17: =COUNTIF(ENTRY!H2:H30,'TREND KASUS'!B17) -> 0 | E17: =COUNTIF(ENTRY!I2:I30,'TREND KASUS'!B17) -> 0 | F17: =COUNTIF(ENTRY!J2:J30,'TREND KASUS'!B17) -> 0 | G17: =COUNTIF(ENTRY!K2:K30,'TREND KASUS'!B17) -> 0
A18: 11 | B18: Penguasaan dan Pemilikan Tanah | C18: =COUNTIF(ENTRY!G2:G30,'TREND KASUS'!B18) -> 10 | D18: =COUNTIF(ENTRY!H2:H30,'TREND KASUS'!B18) -> 0 | E18: =COUNTIF(ENTRY!I2:I30,'TREND KASUS'!B18) -> 0 | F18: =COUNTIF(ENTRY!J2:J30,'TREND KASUS'!B18) -> 0 | G18: =COUNTIF(ENTRY!K2:K30,'TREND KASUS'!B18) -> 0
B19: Jumlah | C19: =SUM(C8:C18) -> 10
